Раздел,Тип,Ключ,Русский,Текущий перевод,Исправление
Завтрак,раздел,cat:Завтрак,Завтрак,Նախաճաշ,
Завтрак,блюдо,name:Французский завтрак,Французский завтрак,Ֆրանսիական նախաճաշ,
Завтрак,состав,comp:Французский завтрак,"Круассаны, джем, нутелла, европейский сыр","Կրուասաններ, ջեմ, նուտելլա, եվրոպական պանիր",
Завтрак,блюдо,name:Итальянский завтрак,Итальянский завтрак,Իտալական նախաճաշ,
Завтрак,состав,comp:Итальянский завтрак,"Яйца, прошутто, сыр, томаты, чиабатта, кофе","Ձու, պրոշուտո, պանիր, լոլիկ, չիաբատա, սուրճ",
Завтрак,блюдо,name:Английский завтрак,Английский завтрак,Անգլիական նախաճաշ,
Завтрак,состав,comp:Английский завтрак,"Сосиски, яичница, бекон, фасоль, грибы","Նրբերշիկ, տապակած ձու, բեկոն, լոբի, սունկ",
Завтрак,блюдо,name:Омлет,Омлет,Ձվածեղ,
Завтрак,состав,comp:Омлет,"С грибами, бастурмой, зеленью и помидорами — на выбор","Սնկով, բաստուրմայով, կանաչիով և լոլիկով՝ ընտրությամբ",
Завтрак,блюдо,name:Сырники,Сырники,Կաթնաշոռով պանրիկներ,
Завтрак,состав,comp:Сырники,"Творог, шоколад, сметана","Կաթնաշոռ, շոկոլադ, թթվասեր",
Завтрак,блюдо,name:Панкейк с нутеллой,Панкейк с нутеллой,Փանքեյք նուտելլայով,
Завтрак,блюдо,name:Чиа пудинг,Чиа пудинг,Չիա պուդինգ,
Завтрак,состав,comp:Чиа пудинг,"Семена чиа, молоко, ягоды","Չիա սերմեր, կաթ, հատապտուղներ",
Завтрак,блюдо,name:Круассан,Круассан,Կրուասան,
Завтрак,состав,comp:Круассан,"По выбору: лосось, креветки, авокадо, пастрами или нутелла","Ընտրությամբ՝ սաղմոն, ծովախեցգետին, ավոկադո, պաստրամի կամ նուտելլա",
Закуски,раздел,cat:Закуски,Закуски,Նախուտեստներ,
Закуски,блюдо,name:Винная тарелка,Винная тарелка,Գինու խորտիկների տեսականի,
Закуски,состав,comp:Винная тарелка,Сырное и мясное ассорти к вину,Պանրի և մսի տեսականի գինու հետ,
Закуски,блюдо,name:Армянская мясная тарелка,Армянская мясная тарелка,Հայկական մսի տեսականի,
Закуски,блюдо,name:Армянская сырная тарелка,Армянская сырная тарелка,Հայկական պանրի տեսականի,
Закуски,блюдо,name:Фирменная бурата,Фирменная бурата,Ֆիրմային բուրատա,
Закуски,состав,comp:Фирменная бурата,"Фокачча, помидор, буррата, микс зелени","Ֆոկաչա, լոլիկ, բուռատա, միքս կանաչի",
Закуски,блюдо,name:Брускетта с томатами,Брускетта с томатами,Բրուսկետա լոլիկով,
Закуски,блюдо,name:Брускетта с тунцом,Брускетта с тунцом,Բրուսկետա թունայով,
Закуски,блюдо,name:Армянская зелень,Армянская зелень,Հայկական կանաչի,
Закуски,блюдо,name:Домашние соленья,Домашние соленья,Տնական թթվի տեսականի,
Закуски,блюдо,name:Хумус,Хумус,Հումուս,
Закуски,блюдо,name:Режан,Режан,Ռեժան,
Закуски,блюдо,name:Мацун сцеженный,Мацун сцеженный,Քամած մածուն,
Горячие закуски,раздел,cat:Горячие закуски,Горячие закуски,Տաք նախուտեստներ,
Горячие закуски,блюдо,name:Чесночный хлеб,Чесночный хлеб,Սխտորով հաց,
Горячие закуски,блюдо,name:Сырные шарики,Сырные шарики,Պանրի գնդիկներ,
Горячие закуски,блюдо,name:Жареный сыр,Жареный сыр,Տապակած պանիր,
Горячие закуски,блюдо,name:Куриная темпура с соусом,Куриная темпура с соусом,Հավի տեմպուրա սոուսով,
Горячие закуски,блюдо,name:Блинчики с мясом,Блинчики с мясом,Մսով նրբաբլիթ,
Горячие закуски,блюдо,name:Тако с курицей,Тако с курицей,Տակո հավով,
Горячие закуски,состав,comp:Тако с курицей,"Тортильи, курица, овощи, соус","Տորտիլյա, հավ, բանջարեղեն, սոուս",
Горячие закуски,блюдо,name:Тако с креветками,Тако с креветками,Տակո ծովախեցգետնով,
Горячие закуски,состав,comp:Тако с креветками,"Тортильи, креветки, овощи, соус","Տորտիլյա, ծովախեցգետին, բանջարեղեն, սոուս",
Горячие закуски,блюдо,name:Кесадилья с курицей,Кесадилья с курицей,Կեսադիլյա հավի մսով,
Горячие закуски,состав,comp:Кесадилья с курицей,"Тортилья, курица, сыр","Տորտիլյա, հավ, պանիր",
Горячие закуски,блюдо,name:Кесадилья с говядиной,Кесадилья с говядиной,Կեսադիլյա տավարի մսով,
Горячие закуски,состав,comp:Кесадилья с говядиной,"Тортилья, говядина, сыр","Տորտիլյա, տավար, պանիր",
Салаты,раздел,cat:Салаты,Салаты,Աղցաններ,
Салаты,блюдо,name:Салат Домик,Салат Домик,DoMik աղցան,
Салаты,состав,comp:Салат Домик,"Филе утки на гриле, шпинат, помидоры черри, гранатовый соус","Բադի ֆիլե, սպանախ, չերի լոլիկ, նռան սոուս",
Салаты,блюдо,name:Греческий салат,Греческий салат,Հունական,
Салаты,состав,comp:Греческий салат,"Помидоры, огурцы, болгарский перец, фета, оливки, красный лук","Լոլիկ, վարունգ, պղպեղ, ֆետա, ձիթապտուղ, կարմիր սոխ",
Салаты,блюдо,name:Летний салат,Летний салат,Ամառային,
Салаты,состав,comp:Летний салат,"Огурцы, помидоры, перец, лук","Վարունգ, լոլիկ, պղպեղ, սոխ",
Салаты,блюдо,name:Салат капрезе,Салат капрезе,Կապրեզե,
Салаты,состав,comp:Салат капрезе,"Моцарелла, помидоры, базилик","Մոցարելլա, լոլիկ, ռեհան",
Салаты,блюдо,name:Классическая бурата,Классическая бурата,Դասական բուրատա,
Салаты,состав,comp:Классическая бурата,"Буррата, помидоры, микс зелени","Բուռատա, լոլիկ, կանաչիներ",
Салаты,блюдо,name:Салат цезарь,Салат цезарь,Կեսար,
Салаты,состав,comp:Салат цезарь,"Куриное филе, листья романо, пармезан, гренки, соус цезарь","Հավի ֆիլե, պարմեզան, չորահաց, Կեսար սոուս",
Салаты,блюдо,name:Цезарь с креветками,Цезарь с креветками,Կեսար ծովախեցգետնով,
Салаты,состав,comp:Цезарь с креветками,"Креветки, листья романо, пармезан, гренки, соус цезарь","Ծովախեցգետին, պարմեզան, չորահաց, Կեսար սոուս",
Салаты,блюдо,name:Салат из стейка ангус,Салат из стейка ангус,Անգուս սթեյք աղցան,
Салаты,состав,comp:Салат из стейка ангус,"Стейк ангус, микс зелени, овощи, соус","Անգուս սթեյք, միքս կանաչի, բանջարեղեն, սոուս",
Салаты,блюдо,name:Армянский салат с гранатовым соусом,Армянский салат с гранатовым соусом,Հայկական աղցան նռան սոուսով,
Салаты,состав,comp:Армянский салат с гранатовым соусом,"Телятина на гриле, баклажаны, слива, грецкий орех, гранатовый соус","Գրիլի հորթի միս, սմբուկ, սալոր, ընկույզ, նռան սոուս",
Салаты,блюдо,name:Салат гурман,Салат гурман,Գուրման աղցան / հորթի միս,
Салаты,состав,comp:Салат гурман,"Хрустящие баклажаны, бастурма, фирменный соус","Խրթխրթան սմբուկ, բաստուրմա, ֆիրմային սոուս",
Салаты,блюдо,name:Салат с креветками,Салат с креветками,Ծովախեցգետնով,
Салаты,состав,comp:Салат с креветками,"Креветки, авокадо, микс зелени, огурец, киноа, цитрусовый соус","Ծովախեցգետին, ավոկադո, միքս կանաչի, վարունգ, կինոա, ցիտրուսային սոուս",
Салаты,блюдо,name:Салат с тунцом,Салат с тунцом,Թունայով,
Суп,раздел,cat:Суп,Суп,Ապուր,
Суп,блюдо,name:Спас,Спас,Սպաս,
Суп,состав,comp:Спас,"Мацун, пшеница, зелень","Մածուն, ցորեն, կանաչի",
Суп,блюдо,name:Домашний куриный суп,Домашний куриный суп,Տնական հավի ապուր,
Суп,состав,comp:Домашний куриный суп,"Курица, лапша, овощи","Հավ, արիշտա, բանջարեղեն",
Суп,блюдо,name:Томатный крем суп,Томатный крем суп,Լոլիկի կրեմ ապուր,
Суп,состав,comp:Томатный крем суп,"Томаты, специи","Լոլիկ, համեմունքներ",
Суп,блюдо,name:Овощной крем-суп,Овощной крем-суп,Կրեմ ապուր,
Суп,состав,comp:Овощной крем-суп,"Шпинат, брокколи, сливки","Սպանախ, բրոկկոլի, սերուցք",
Суп,блюдо,name:Суп мексиканский,Суп мексиканский,Մեքսիկական ապուր,
Суп,состав,comp:Суп мексиканский,"Фасоль, овощи, специи, острый бульон","Լոբի, բանջարեղեն, համեմունքներ, կծու արգանակ",
Суп,блюдо,name:Славянская солянка,Славянская солянка,Սլավոնական Սալյանկա,
Суп,состав,comp:Славянская солянка,"Ассорти мяса, соленья, оливки, лимон, наваристый бульон","Մսի տեսականի, թթուներ, ձիթապտուղ, կիտրոն, արգանակ",
Суп,блюдо,name:Суп из морепродуктов,Суп из морепродуктов,Ծովամթերք ապուր,
Суп,состав,comp:Суп из морепродуктов,"Морепродукты в красном (томатном) бульоне, овощи","Ծովամթերք լոլիկի արգանակում, բանջարեղեն",
Паста,раздел,cat:Паста,Паста,Պաստա,
Паста,блюдо,name:Паста песто,Паста песто,Պաստա պեստո,
Паста,состав,comp:Паста песто,"Соус песто, пармезан","Պեստո սոուս, պարմեզան",
Паста,блюдо,name:Паста пелати,Паста пелати,Պաստա պելատի,
Паста,состав,comp:Паста пелати,"Паста, томаты пелати, базилик","Պաստա, պելատի լոլիկ, ռեհան",
Паста,блюдо,name:Паста четыре сыра,Паста четыре сыра,Պաստա չորս պանրով,
Паста,состав,comp:Паста четыре сыра,"Паста, четыре вида сыра, сливочный соус","Պաստա, չորս տեսակի պանիր, սերուցքային սոուս",
Паста,блюдо,name:Куриное равиоли в белом соусе,Куриное равиоли в белом соусе,Հավի ռավիոլի սպիտակ սոուսով,
Паста,состав,comp:Куриное равиоли в белом соусе,Классический рецепт: равиоли с курицей и пармезаном в сливочном соусе,Դասական բաղադրատոմս՝ ռավիոլի հավով և պարմեզանով սերուցքային սոուսում,
Паста,блюдо,name:Паста карбонара,Паста карбонара,Պաստա կարբոնարա,
Паста,состав,comp:Паста карбонара,"Паста, панчетта, сливки, яйцо, пармезан, чёрный перец","Պաստա, պանչետտա, սերուցք, ձու, պարմեզան, սև պղպեղ",
Паста,блюдо,name:Паста с говядиной,Паста с говядиной,Պաստա տավարի մսով,
Паста,состав,comp:Паста с говядиной,"Паста, говядина, соус","Պաստա, տավարի միս, սոուս",
Паста,блюдо,name:Паста с морепродуктами,Паста с морепродуктами,Պաստա ծովամթերքով,
Паста,состав,comp:Паста с морепродуктами,"Паста, морепродукты, соус","Պաստա, ծովամթերք, սոուս",
Основные блюда,раздел,cat:Основные блюда,Основные блюда,Հիմնական ուտեստներ,
Основные блюда,подраздел,sub:На углях,На углях,Ածուխի վրա,
Основные блюда,блюдо,name:Фирменный кебаб,Фирменный кебаб,Ֆիրմային քյաբաբ,
Основные блюда,блюдо,name:Свиная ассорти,Свиная ассорти,Խոզի մսի տեսականի,
Основные блюда,блюдо,name:Антрекот на гриле,Антрекот на гриле,Խոզի չալաղաջ/մատ,
Основные блюда,блюдо,name:Баранина ассорти,Баранина ассорти,Գառան մսի տեսականի,
Основные блюда,блюдо,name:Шашлык из телятины,Шашлык из телятины,Հորթի խորոված,
Основные блюда,подраздел,sub:Из кухни,Из кухни,Խոհանոցից,
Основные блюда,блюдо,name:Куриное филе с рисом,Куриное филе с рисом,Հավի ֆիլե բրնձով,
Основные блюда,блюдо,name:Куриное филе по-французски,Куриное филе по-французски,Հավի ֆիլե ֆրանսիական ձևով,
Основные блюда,состав,comp:Куриное филе по-французски,"Куриное филе, шпинат, сырный и грибной соус","Հավի ֆիլե, սպանախ, պանրի և սնկով սոուս",
Основные блюда,блюдо,name:Цыплёнок на гриле с овощами,Цыплёнок на гриле с овощами,Գրիլի ճուտ բանջարեղենով,
Основные блюда,блюдо,name:Индейка на гриле с цитрусовым соусом и киноа,Индейка на гриле с цитрусовым соусом и киноа,Գրիլ հնդկահավ ցիտրուսային սոուսով և կինոայով,
Основные блюда,блюдо,name:Тепаньяки со свининой на гриле,Тепаньяки со свининой на гриле,Գրիլի վրա խոզի թեփանյակի,
Основные блюда,состав,comp:Тепаньяки со свининой на гриле,Свинина и овощи на гриле тепаньяки,Թեփանյակի գրիլի վրա խոզի միս և բանջարեղեն,
Основные блюда,блюдо,name:Фирменный гуляш со свининой,Фирменный гуляш со свининой,Ֆիրմային խոզի գուլյաշ,
Основные блюда,состав,comp:Фирменный гуляш со свининой,"Свинина, овощи, насыщенный соус","Խոզի միս, բանջարեղեն, հարուստ սոուս",
Основные блюда,блюдо,name:Бефстроганов (курица / телятина),Бефстроганов (курица / телятина),Բիստրո Գանո,
Основные блюда,состав,comp:Бефстроганов (курица / телятина),"Курица или телятина в сливочном соусе, рис или картофель","Հավով/հորթով, բրինձ/կարտոֆիլ",
Основные блюда,блюдо,name:Баклажан фаршированный,Баклажан фаршированный,Լցոնված սմբուկ,
Основные блюда,состав,comp:Баклажан фаршированный,С мясом или с овощами,Մսով կամ բանջարեղենով,
Основные блюда,блюдо,name:Пеппер стейк,Пеппер стейк,Պեպպեր սթեյք,
Основные блюда,состав,comp:Пеппер стейк,Стейк с перечным соусом,Սթեյք պղպեղի սոուսով,
Основные блюда,блюдо,name:Стейк рибай,Стейк рибай,Ռիբայ սթեյք,
Блюда от шеф-повара,раздел,cat:Блюда от шеф-повара,Блюда от шеф-повара,Շեֆ-խոհարարի ուտեստներ,
Блюда от шеф-повара,блюдо,name:Сет Домик,Сет Домик,Դոմիկ սեթ,
Блюда от шеф-повара,состав,comp:Сет Домик,"Кебаб куриный и говяжий, фирменный шашлык, овощи","Հավի և տավարի քյաբաբ, ֆիրմային խորոված, բանջարեղեն",
Блюда от шеф-повара,блюдо,name:Семейный домик,Семейный домик,Խորովածի տեսականի,
Блюда от шеф-повара,состав,comp:Семейный домик,"Большое ассорти шашлыков на углях, овощи","Խոզ, հորթ, գառ, հավի ֆիլե, գրիլ բանջարեղեն",
Блюда от шеф-повара,блюдо,name:Фламинго,Фламинго,Ֆլամինգո,
Блюда от шеф-повара,состав,comp:Фламинго,"Цыплёнок, куриное филе, индейка, куриные крылышки, овощи","Ճուտ, հավի ֆիլե, հնդկահավ, հավի թևիկներ, բանջարեղեն",
Блюда от шеф-повара,блюдо,name:Немецкий сет,Немецкий сет,Գերմանական սեթ,
Блюда от шеф-повара,состав,comp:Немецкий сет,"Ассорти сосисок, сырные шарики, чесночный хлеб, овощи","Նրբերշիկների տեսականի, պանրի գնդիկներ, սխտորով հաց, բանջարեղեն",
Блюда от шеф-повара,блюдо,name:Медуза,Медуза,Մեդուզա սեթ,
Блюда от шеф-повара,состав,comp:Медуза,"Форель, морепродукты, мидии, кальмар","Իշխան, ծովամթերք, միդիա, կաղամար",
Блюда от шеф-повара,блюдо,name:Викинг бараний,Викинг бараний,Գառան «Վիկինգ» (բուդ),
Блюда от шеф-повара,состав,comp:Викинг бараний,"Нога баранины, аришта · 3–4 человека",Գառան բուդ · 3–4 հոգու,
К пиву,раздел,cat:К пиву,К пиву,Գարեջրի խորտիկներ,
К пиву,блюдо,name:Домашняя рыбная закуска,Домашняя рыбная закуска,Տնական ձկան նախուտեստ,
К пиву,состав,comp:Домашняя рыбная закуска,"Сельдь, картофель, домашние соленья","Ծովատառեխ, կարտոֆիլ, տնական թթուներ",
К пиву,блюдо,name:Свиные рёбрышки острые,Свиные рёбрышки острые,Խոզի կողիկներ,
К пиву,блюдо,name:Баварские сосиски,Баварские сосиски,Գերմանական երշիկների տեսականի,
К пиву,блюдо,name:Фисташки солёные,Фисташки солёные,Աղի պիստակ,
К пиву,блюдо,name:Немецкая закуска,Немецкая закуска,Գերմանական նախուտեստ,
К пиву,состав,comp:Немецкая закуска,"Картофель айдахо, сырные шарики, чесночный хлеб","Այդահո կարտոֆիլ, պանրի գնդիկներ, սխտորով հաց",
К пиву,блюдо,name:Острые куриные крылышки,Острые куриные крылышки,Կծու հավի թևիկներ,
К пиву,состав,comp:Острые куриные крылышки,Куриные крылышки в остром соусе,Հավի թևիկներ կծու սոուսով,
К пиву,блюдо,name:Свиная рулька,Свиная рулька,Խոզի սրունք,
К пиву,состав,comp:Свиная рулька,На 3–4 человека,3–4 հոգու համար,
Печь и гриль,раздел,cat:Печь и гриль,Печь и гриль,Փուռ և գրիլ,
Печь и гриль,подраздел,sub:Пицца,Пицца,Պիցցա,
Печь и гриль,блюдо,name:Паде,Паде,Փիդե,
Печь и гриль,состав,comp:Паде,"Мясо или овощи, запечённые в тесте",Միս կամ բանջարեղեն՝ թխված խմորի մեջ,
Печь и гриль,блюдо,name:Пицца Маргарита,Пицца Маргарита,Պիցցա Մարգարիտա,
Печь и гриль,состав,comp:Пицца Маргарита,"Томатный соус, моцарелла, базилик","Լոլիկի սոուս, մոցարելլա, ռեհան",
Печь и гриль,блюдо,name:Пицца Авокадо,Пицца Авокадо,Պիցցա Ավոկադո,
Печь и гриль,состав,comp:Пицца Авокадо,"Моцарелла, авокадо, овощи","Մոցարելլա, ավոկադո, բանջարեղեն",
Печь и гриль,блюдо,name:Пицца Четыре сыра,Пицца Четыре сыра,Պիցցա Չորս պանիր,
Печь и гриль,состав,comp:Пицца Четыре сыра,"Моцарелла и три вида сыра, сливочная основа","Մոցարելլա և երեք տեսակի պանիր, սերուցքային հիմք",
Печь и гриль,блюдо,name:Пицца Прошутто,Пицца Прошутто,Պիցցա Պրոշուտո,
Печь и гриль,состав,comp:Пицца Прошутто,"Томатный соус, моцарелла, прошутто, руккола","Լոլիկի սոուս, մոցարելլա, պրոշուտո, ռուկոլա",
Печь и гриль,блюдо,name:Пицца Пеперони,Пицца Пеперони,Պիցցա Պեպերոնի,
Печь и гриль,состав,comp:Пицца Пеперони,"Томатный соус, моцарелла, пепперони","Լոլիկի սոուս, մոցարելլա, պեպերոնի",
Печь и гриль,подраздел,sub:Хачапури,Хачапури,Խաչապուրի,
Печь и гриль,блюдо,name:Хачапури аджарский,Хачапури аджарский,Աջարական խաչապուրի,
Печь и гриль,состав,comp:Хачапури аджарский,"Лодочка с сыром, яйцом и маслом","Նավակաձև խաչապուրի պանրով, ձվով և կարագով",
Печь и гриль,блюдо,name:Хачапури имеретинский,Хачапури имеретинский,Իմերեթական խաչապուրի,
Печь и гриль,состав,comp:Хачапури имеретинский,"Закрытый, с сыром","Փակ, պանրով",
Печь и гриль,блюдо,name:Хачапури мегрельский,Хачапури мегрельский,Մեգրելական խաչապուրի,
Печь и гриль,состав,comp:Хачапури мегрельский,С сыром внутри и сверху,Պանիր՝ ներսում և վրան,
Печь и гриль,подраздел,sub:Бургеры и сэндвичи,Бургеры и сэндвичи,Բուրգերներ և սենդվիչներ,
Печь и гриль,блюдо,name:Бургер гриль,Бургер гриль,Գրիլ բուրգեր,
Печь и гриль,блюдо,name:Сэндвич гриль,Сэндвич гриль,Գրիլ սենդվիչ,
Жареная рыба и морепродукты,раздел,cat:Жареная рыба и морепродукты,Жареная рыба и морепродукты,Տապակած ձուկ և ծովամթերք,
Жареная рыба и морепродукты,блюдо,name:Филе форели с зеленым луком,Филе форели с зеленым луком,Իշխանի ֆիլե կանաչ սոխով,
Жареная рыба и морепродукты,блюдо,name:Мидии,Мидии,Միդիա,
Жареная рыба и морепродукты,состав,comp:Мидии,"Мидии в томатном соусе, подаются с гренками","Միդիա լոլիկի սոուսով, մատուցվում է կռուտոններով",
Жареная рыба и морепродукты,блюдо,name:Креветки,Креветки,Ծովախեցգետին,
Жареная рыба и морепродукты,состав,comp:Креветки,Креветки обыкновенные 250 г или королевские креветки 200 г,Սովորական ծովախեցգետին 250 գ կամ արքայական՝ 200 գ,
Жареная рыба и морепродукты,блюдо,name:Форель,Форель,Իշխան,
Жареная рыба и морепродукты,состав,comp:Форель,Радужная форель на гриле,Ծիածանագույն իշխան գրիլի վրա,
Жареная рыба и морепродукты,блюдо,name:Стейк лосося,Стейк лосося,Սաղմոնի սթեյք,
Жареная рыба и морепродукты,блюдо,name:Стерлядь,Стерлядь,Թառափ,
Армянские традиции,раздел,cat:Армянские традиции,Армянские традиции,Ավանդական հայկական ուտեստներ,
Армянские традиции,блюдо,name:Хашлама Домик,Хашлама Домик,Խաշլամա Դոմիկ,
Армянские традиции,состав,comp:Хашлама Домик,Тушёная баранина с овощами,Շոգեխաշած գառան միս բանջարեղենով,
Армянские традиции,блюдо,name:Долма,Долма,Տոլմա,
Армянские традиции,состав,comp:Долма,"Виноградные листья, рубленое мясо, рис","Խաղողի տերև, աղացած միս, բրինձ",
Армянские традиции,блюдо,name:Хариса,Хариса,Հարիսա,
Армянские традиции,состав,comp:Хариса,Традиционное блюдо из пшеницы и мяса,Ցորենից և մսից ավանդական ուտեստ,
Армянские традиции,блюдо,name:Хаш,Хаш,Խաշ,
Армянские традиции,состав,comp:Хаш,"Наваристый говяжий бульон, чеснок, лаваш","Հարուստ տավարի արգանակ, սխտոր, լավաշ",
Гарниры,раздел,cat:Гарниры,Гарниры,Խավարտ,
Гарниры,блюдо,name:Картофель гриль,Картофель гриль,Գրիլ կարտոֆիլ,
Гарниры,блюдо,name:Картофель по деревенски,Картофель по деревенски,Գյուղական ոճի կարտոֆիլ,
Гарниры,блюдо,name:Рис,Рис,Բրինձ,
Гарниры,блюдо,name:Домашняя армянская лапша аришта,Домашняя армянская лапша аришта,Տնական հայկական արիշտա,
Гарниры,блюдо,name:Фаршированный картофель,Фаршированный картофель,Լցոնած կարտոֆիլ,
Гарниры,блюдо,name:Фаршированные грибы,Фаршированные грибы,Խորոված սնկով լցոնած սունկ,
Гарниры,блюдо,name:Овощи гриль,Овощи гриль,Գրիլ բանջարեղեն,
Детское меню,раздел,cat:Детское меню,Детское меню,Մանկական մենյու,
Детское меню,блюдо,name:Рисовая каша,Рисовая каша,Բրնձով շիլա,
Детское меню,блюдо,name:Картофель пюре,Картофель пюре,Կարտոֆիլի պյուրե,
Детское меню,блюдо,name:Картофель фри,Картофель фри,Ֆրի կարտոֆիլ,
Детское меню,блюдо,name:Спагетти мак энд чиз,Спагетти мак энд чиз,Սպագետի մակ էնդ չիզ,
Детское меню,блюдо,name:Пельмени с мясом,Пельмени с мясом,Պելմենի մսով,
Детское меню,блюдо,name:Мини бургер с куриной грудкой и фри,Мини бургер с куриной грудкой и фри,Մինի բուրգեր հավի կրծքամսով և ֆրիով,
Детское меню,блюдо,name:Наггетсы,Наггетсы,Նագեթս,
Детское меню,блюдо,name:Котлеты по-домашнему с картофельным пюре,Котлеты по-домашнему с картофельным пюре,Տնական կոտլետ կարտոֆիլի պյուրեով,
Хлеб,раздел,cat:Хлеб,Хлеб,Հաց,
Хлеб,блюдо,name:Домашний хлеб,Домашний хлеб,Թարմ հաց,
Хлеб,состав,comp:Домашний хлеб,Свежий тёплый домашний хлеб,Թարմ տաք տնական հաց,
Хлеб,блюдо,name:Фокачча,Фокачча,Ֆոկաչչա,
Хлеб,состав,comp:Фокачча,Итальянская лепёшка фокачча,Իտալական ֆոկաչա բլիթ,
Часть любви,раздел,cat:Часть любви,Часть любви,Աղանդերներ,
Часть любви,блюдо,name:Кокосовый тарт,Кокосовый тарт,Կոկոսի տարտ,
Часть любви,блюдо,name:Шоколадный тарт,Шоколадный тарт,Շոկոլադե տարտ,
Часть любви,блюдо,name:Яблочный тарт,Яблочный тарт,Խնձորով տարտ,
Часть любви,блюдо,name:Медовик,Медовик,Մեղրով տորթ,
Часть любви,блюдо,name:Шоколадный вулкан,Шоколадный вулкан,Շոկոլադե հրաբուխ,
Часть любви,блюдо,name:Брауни,Брауни,Բրաունի,
Часть любви,блюдо,name:Чизкейк сан-себастьян,Чизкейк сан-себастьян,Սան Սեբաստիան չիզքեյք,
Часть любви,блюдо,name:Тирамису,Тирамису,Տիրամիսու,
Часть любви,блюдо,name:Гата армянская,Гата армянская,Հայկական գաթա,
Часть любви,блюдо,name:Морковное пирожное,Морковное пирожное,Գազարի տորթ,
Часть любви,блюдо,name:Фирменное мороженое брауни,Фирменное мороженое брауни,Ֆիրմային պաղպաղակ բրաունի,
Часть любви,блюдо,name:Фирменное мороженое рафаэлло,Фирменное мороженое рафаэлло,Ֆիրմային պաղպաղակ Ռաֆաելլո,
Часть любви,блюдо,name:Мороженое,Мороженое,Պաղպաղակ,
Часть любви,блюдо,name:Фруктовое мороженое,Фруктовое мороженое,Մրգային պաղպաղակ,
Часть любви,блюдо,name:Фруктовый ассорти,Фруктовый ассорти,Մրգային ասորտի,
Часть любви,блюдо,name:Арбуз и дыня,Арбуз и дыня,Ձմերուկ և սեխ,
Печатная книга,раздел,SEC_TR:Завтрак,Завтрак,Նախաճաշ,
Печатная книга,раздел,SEC_TR:Закуски,Закуски,Նախուտեստներ,
Печатная книга,раздел,SEC_TR:Горячие закуски,Горячие закуски,Տաք նախուտեստներ,
Печатная книга,раздел,SEC_TR:Салаты,Салаты,Աղցաններ,
Печатная книга,раздел,SEC_TR:Суп,Суп,Ապուր,
Печатная книга,раздел,SEC_TR:Паста,Паста,Պաստա,
Печатная книга,раздел,SEC_TR:Основные блюда,Основные блюда,Հիմնական ուտեստներ,
Печатная книга,раздел,SEC_TR:К пиву,К пиву,Գարեջրի խորտիկներ,
Печатная книга,раздел,SEC_TR:Блюда от шеф-повара,Блюда от шеф-повара,Շեֆ-խոհարարի ուտեստներ,
Печатная книга,раздел,SEC_TR:Печь и гриль,Печь и гриль,Փուռ և գրիլ,
Печатная книга,раздел,SEC_TR:Жареная рыба и морепродукты,Жареная рыба и морепродукты,Տապակած ձուկ և ծովամթերք,
Печатная книга,раздел,SEC_TR:Армянские традиции,Армянские традиции,Ավանդական հայկական ուտեստներ,
Печатная книга,раздел,SEC_TR:Гарниры,Гарниры,Խավարտ,
Печатная книга,раздел,SEC_TR:Детское меню,Детское меню,Մանկական մենյու,
Печатная книга,раздел,SEC_TR:Часть любви,Часть любви,Աղանդերներ,
Печатная книга,раздел,SEC_TR:Хлеб,Хлеб,Հաց,
Печатная книга,подраздел,SUB_TR:Пицца,Пицца,Պիցցա,
Печатная книга,подраздел,SUB_TR:Хачапури,Хачапури,Խաչապուրի,
Печатная книга,подраздел,SUB_TR:Бургеры и сэндвичи,Бургеры и сэндвичи,Բուրգերներ և սենդվիչներ,
Печатная книга,подраздел,SUB_TR:На углях,На углях,Ածուխի վրա,
Печатная книга,подраздел,SUB_TR:Из кухни,Из кухни,Խոհանոցից,
Печатная книга,подраздел,SUB_TR:Горячий кофе,Горячий кофе,Տաք սուրճ,
Печатная книга,подраздел,SUB_TR:Холодный кофе,Холодный кофе,Սառը սուրճ,
Печатная книга,порция,SIZES_TR:1 кг,1 кг,1 կգ,
Печатная книга,порция,SIZES_TR:куриный / говяжий,куриный / говяжий,հավի / տավարի,
Печатная книга,порция,SIZES_TR:обычный / с бастурмой,обычный / с бастурмой,սովորական / բաստուրմայով,
Печатная книга,порция,"SIZES_TR:0,5 кг","0,5 кг","0,5 կգ",
Печатная книга,порция,SIZES_TR:мясной / с овощами,мясной / с овощами,մսով / բանջարեղենով,
Печатная книга,порция,SIZES_TR:яичница / омлет,яичница / омлет,տապակած ձու / ձվածեղ,
Печатная книга,подпись,UI_TR:Барная карта,Барная карта,Բարային քարտ,
Печатная книга,подпись,UI_TR:На углях,На углях,Ածուխի վրա,
Печатная книга,подпись,UI_TR:На 3–5 человек,На 3–5 человек,3–5 հոգու համար,
Печатная книга,подпись,UI_TR:На углях · На 3–5 человек,На углях · На 3–5 человек,Ածուխի վրա · 3–5 հոգու համար,
Печатная книга,подпись,UI_TR:Вино · Коктейли · Кофе · Чай,Вино · Коктейли · Кофе · Чай,Գինի · Կոկտեյլներ · Սուրճ · Թեյ,
Печатная книга,подпись,UI_TR:Напитки и авторские коктейли,Напитки и авторские коктейли,Ըմպելիքներ և հեղինակային կոկտեյլներ,
Печатная книга,подпись,UI_TR:DoMik,DoMik,DoMik,
Печатная книга,подпись,"UI_TR:На выбор вид пасты: феттучини, спагетти, пенне","На выбор вид пасты: феттучини, спагетти, пенне","Ընտրությամբ պաստա՝ ֆետուչինի, սպագետտի, պեննե",
Печатная книга,подпись,UI_TR:Начало трапезы,Начало трапезы,Ճաշի սկիզբ,
Печатная книга,подпись,UI_TR:Главные блюда,Главные блюда,Հիմնական ուտեստներ,
Печатная книга,подпись,UI_TR:Огонь и море,Огонь и море,Կրակ ու ծով,
Печатная книга,подпись,UI_TR:Сладкая часть,Сладкая часть,Քաղցր մաս,
Печатная книга,подпись,UI_TR:От шеф-повара,От шеф-повара,Շեֆ-խոհարարից,
Печатная книга,подпись,UI_TR:Рыба и морепродукты,Рыба и морепродукты,Ձուկ և ծովամթերք,
Печатная книга,подпись,UI_TR:Десерты,Десерты,Աղանդեր,
Печатная книга,подпись,"UI_TR:Утро, лёгкие закуски и салаты","Утро, лёгкие закуски и салаты","Առավոտ, թեթև նախուտեստներ և աղցաններ",
Печатная книга,подпись,"UI_TR:Паста, мясо на углях и авторские сеты","Паста, мясо на углях и авторские сеты","Պաստա, ածխի վրա միս և հեղինակային սեթեր",
Печатная книга,подпись,"UI_TR:С открытого огня, печи и тандыра","С открытого огня, печи и тандыра","Բաց կրակից, փռից և թոնիրից",
Печатная книга,подпись,"UI_TR:Десерты, детям и к столу","Десерты, детям и к столу","Աղանդեր, երեխաներին և սեղանին",
Печатная книга,подпись,UI_TR:Меню · DoMik,Меню · DoMik,Մենյու · DoMik,
Печатная книга,подпись,UI_TR:Ресторан «Домик» · Цахкадзор,Ресторан «Домик» · Цахкадзор,Ռեստորան «Դոմիկ» · Ծաղկաձոր,
Печатная книга,подпись,UI_TR:Ждём вас снова,Ждём вас снова,Սպասում ենք կրկին,
Печатная книга,подпись,"UI_TR:Спасибо, что были с нами","Спасибо, что были с нами","Շնորհակալություն, որ մեզ հետ էիք",
Печатная книга,подпись,"UI_TR:Цахкадзор, ул. Хачатура Кечареци 6 · +374 95 505 656","Цахкадзор, ул. Хачатура Кечареци 6 · +374 95 505 656","Ծաղկաձոր, Խաչատուր Կեչառեցու փ. 6 · +374 95 505 656",
Печатная книга,блюдо,SUPPLEMENT_NAME:Фирменная бурата,Фирменная бурата,Ֆիրմային բուռատա,
Печатная книга,блюдо,SUPPLEMENT_NAME:Блинчики с мясом,Блинчики с мясом,Մսով նրբաբլիթ,
Печатная книга,блюдо,SUPPLEMENT_NAME:Тако с курицей,Тако с курицей,Տակո հավով,
Печатная книга,блюдо,SUPPLEMENT_NAME:Тако с креветками,Тако с креветками,Տակո ծովախեցգետնով,
Печатная книга,блюдо,SUPPLEMENT_NAME:Цезарь с креветками,Цезарь с креветками,Ցեզար ծովախեցգետնով,
Печатная книга,блюдо,SUPPLEMENT_NAME:Домашний куриный суп,Домашний куриный суп,Տնական հավի ապուր,
Печатная книга,блюдо,SUPPLEMENT_NAME:Паста песто,Паста песто,Պաստա պեստո,
Печатная книга,блюдо,SUPPLEMENT_NAME:Куриное филе по-французски,Куриное филе по-французски,Հավի ֆիլե ֆրանսիական ձևով,
Печатная книга,блюдо,SUPPLEMENT_NAME:Пеппер стейк,Пеппер стейк,Պեպպեր սթեյք,
Печатная книга,блюдо,SUPPLEMENT_NAME:Фисташки солёные,Фисташки солёные,Աղի պիստակ,
Печатная книга,блюдо,SUPPLEMENT_NAME:Сет Домик,Сет Домик,Դոմիկ սեթ,
Печатная книга,блюдо,SUPPLEMENT_NAME:Хачапури аджарский,Хачапури аджарский,Աջարական խաչապուրի,
Печатная книга,блюдо,SUPPLEMENT_NAME:Хачапури имеретинский,Хачапури имеретинский,Իմերեթական խաչապուրի,
Печатная книга,блюдо,SUPPLEMENT_NAME:Хачапури мегрельский,Хачапури мегрельский,Մեգրելական խաչապուրի,
Печатная книга,блюдо,SUPPLEMENT_NAME:Арбуз и дыня,Арбуз и дыня,Ձմերուկ և սեխ,
Печатная книга,блюдо,SUPPLEMENT_NAME:Доме,Доме,Դոմե,
Печатная книга,состав,SUPPLEMENT_DESC:Французский завтрак,Французский завтрак,"Կրուասաններ, ջեմ, նուտելլա, եվրոպական պանիր",
Печатная книга,состав,SUPPLEMENT_DESC:Английский завтрак,Английский завтрак,"Նրբերշիկ, տապակած ձու, բեկոն, լոբի, սունկ",
Печатная книга,состав,SUPPLEMENT_DESC:Панкейк с нутеллой,Панкейк с нутеллой,"Փանքեյքեր, նուտելլա",
Печатная книга,состав,SUPPLEMENT_DESC:Круассан,Круассан,"Ընտրությամբ՝ սաղմոն, ծովախեցգետին, ավոկադո, պաստրամի կամ նուտելլա",
Печатная книга,состав,SUPPLEMENT_DESC:Фирменная бурата,Фирменная бурата,"Ֆոկաչա, լոլիկ, բուռատա, կանաչիների խառնուրդ",
Печатная книга,состав,SUPPLEMENT_DESC:Мацун сцеженный,Мацун сцеженный,Քամած մածուն,
Печатная книга,состав,SUPPLEMENT_DESC:Блинчики с мясом,Блинчики с мясом,Բարակ բլիթներ մսի միջուկով,
Печатная книга,состав,SUPPLEMENT_DESC:Тако с курицей,Тако с курицей,"Տորտիլյա, հավ, բանջարեղեն, սոուս",
Печатная книга,состав,SUPPLEMENT_DESC:Тако с креветками,Тако с креветками,"Տորտիլյա, ծովախեցգետին, բանջարեղեն, սոուս",
Печатная книга,состав,SUPPLEMENT_DESC:Классическая бурата,Классическая бурата,"Բուռատա, լոլիկ, կանաչիներ",
Печатная книга,состав,SUPPLEMENT_DESC:Цезарь с креветками,Цезарь с креветками,"Ծովախեցգետին, պարմեզան, չորահաց, Ցեզար սոուս",
Печатная книга,состав,SUPPLEMENT_DESC:Армянский салат с гранатовым соусом,Армянский салат с гранатовым соусом,"Գրիլի հորթի միս, սմբուկ, սալոր, ընկույզ, նռան սոուս",
Печатная книга,состав,SUPPLEMENT_DESC:Домашний куриный суп,Домашний куриный суп,"Հավ, արիշտա, բանջարեղեն",
Печатная книга,состав,SUPPLEMENT_DESC:Паста песто,Паста песто,"Պեստո սոուս, պարմեզան",
Печатная книга,состав,SUPPLEMENT_DESC:Паста карбонара,Паста карбонара,"Պաստա, պանչետտա, սերուցք, ձու, պարմեզան, սև պղպեղ",
Печатная книга,состав,SUPPLEMENT_DESC:Бефстроганов (курица / телятина),Бефстроганов (курица / телятина),"Հավով/հորթով, բրինձ/կարտոֆիլ",
Печатная книга,состав,SUPPLEMENT_DESC:Пеппер стейк,Пеппер стейк,Սթեյք պղպեղի սոուսով,
Печатная книга,состав,SUPPLEMENT_DESC:Баклажан фаршированный,Баклажан фаршированный,Մսով կամ բանջարեղենով,
Печатная книга,состав,SUPPLEMENT_DESC:Сет Домик,Сет Домик,"Հավի և տավարի քյաբաբ, ֆիրմային խորոված, բանջարեղեն",
Печатная книга,состав,SUPPLEMENT_DESC:Семейный домик,Семейный домик,"Խոզ, հորթ, գառ, հավի ֆիլե, գրիլ բանջարեղեն",
Печатная книга,состав,SUPPLEMENT_DESC:Фламинго,Фламинго,"Ճուտ, հավի ֆիլե, հնդկահավ, հավի թևիկներ, բանջարեղեն",
Печатная книга,состав,SUPPLEMENT_DESC:Немецкий сет,Немецкий сет,"Նրբերշիկների տեսականի, պանրի գնդիկներ, սխտորով հաց, բանջարեղեն",
Печатная книга,состав,SUPPLEMENT_DESC:Медуза,Медуза,"Իշխան, ծովամթերք, միդիա, կաղամար",
Печатная книга,состав,SUPPLEMENT_DESC:Хачапури аджарский,Хачапури аджарский,"Նավակաձև խաչապուրի պանրով, ձվով և կարագով",
Печатная книга,состав,SUPPLEMENT_DESC:Хачапури имеретинский,Хачапури имеретинский,"Փակ, պանրով",
Печатная книга,состав,SUPPLEMENT_DESC:Хачапури мегрельский,Хачапури мегрельский,Պանիր՝ ներսում և վրան,
Печатная книга,состав,SUPPLEMENT_DESC:Креветки,Креветки,Սովորական ծովախեցգետին 250 գ կամ արքայական՝ 200 գ,
Печатная книга,состав,SUPPLEMENT_DESC:Форель,Форель,Ծիածանագույն իշխան գրիլի վրա,
Печатная книга,состав,SUPPLEMENT_DESC:Стейк лосося,Стейк лосося,Սաղմոնի սթեյք գրիլի վրա,
Печатная книга,состав,SUPPLEMENT_DESC:Овощи гриль,Овощи гриль,"Սունկ, սմբուկ, դդմիկ, պղպեղ",
Печатная книга,состав,SUPPLEMENT_DESC:Домашний хлеб,Домашний хлеб,Թարմ տաք տնական հաց,
Печатная книга,состав,SUPPLEMENT_DESC:Шоколадный тарт,Шоколадный тарт,Շոկոլադե տարտ,
Печатная книга,состав,SUPPLEMENT_DESC:Фруктовый ассорти,Фруктовый ассорти,Սեզոնային թարմ մրգերի տեսականի,
Печатная книга,состав,SUPPLEMENT_DESC:Немецкая закуска,Немецкая закуска,"Այդահո կարտոֆիլ, պանրի գնդիկներ, սխտորով հաց",
Печатная книга,состав,SUPPLEMENT_DESC:Доме,Доме,Օրվա աղանդ,
Барная карта,раздел бара,bar_sec:Напитки,Напитки,Ըմպելիքներ,
Барная карта,раздел бара,bar_sec:Фреши и лимонады,Фреши и лимонады,Թարմ հյութեր և լիմոնադներ,
Барная карта,раздел бара,bar_sec:Домашние лимонады,Домашние лимонады,Տնական լիմոնադներ,
Барная карта,раздел бара,bar_sec:Кофе,Кофе,Սուրճ,
Барная карта,раздел бара,bar_sec:Молочные коктейли,Молочные коктейли,Կաթնային կոկտեյլներ,
Барная карта,раздел бара,bar_sec:Чай,Чай,Թեյ,
Барная карта,раздел бара,bar_sec:Пиво,Пиво,Գարեջուր,
Барная карта,раздел бара,bar_sec:Вино по бокалам,Вино по бокалам,Գինի բաժակով,
Барная карта,раздел бара,bar_sec:Вино — красное,Вино — красное,Կարմիր գինի,
Барная карта,раздел бара,bar_sec:Вино — белое,Вино — белое,Սպիտակ գինի,
Барная карта,раздел бара,bar_sec:Вино — розовое / игристое,Вино — розовое / игристое,Վարդագույն / փրփրուն,
Барная карта,раздел бара,bar_sec:Виски,Виски,Վիսկի,
Барная карта,раздел бара,bar_sec:Водка,Водка,Օղի,
Барная карта,раздел бара,bar_sec:Коньяк (Арарат),Коньяк (Арарат),Կոնյակ (Արարատ),
Барная карта,раздел бара,bar_sec:Ликёры,Ликёры,Լիկյորներ,
Барная карта,раздел бара,bar_sec:Текила,Текила,Տեկիլա,
Барная карта,раздел бара,bar_sec:Ром,Ром,Ռոմ,
Барная карта,раздел бара,bar_sec:Джин,Джин,Ջին,
Барная карта,раздел бара,bar_sec:Коктейли,Коктейли,Կոկտեյլներ,
Барная карта,раздел бара,bar_sec:Шоты и горячее,Шоты и горячее,Շոթեր և տաք ըմպելիք,
Барная карта,позиция бара,bar_name:Газированная вода,Газированная вода,Գազավորված ջուր,
Барная карта,позиция бара,bar_name:Вода,Вода,Ջուր,
Барная карта,позиция бара,bar_name:Натуральный сок,Натуральный сок,Բնական հյութ,
Барная карта,позиция бара,bar_name:Тан,Тан,Թան,
Барная карта,позиция бара,bar_name:Tonic Thomas Henry,Tonic Thomas Henry,Thomas Henry Tonic,
Барная карта,позиция бара,bar_name:Компот,Компот,Կոմպոտ,
Барная карта,позиция бара,bar_name:Банан,Банан,Բանան,
Барная карта,позиция бара,bar_name:Киви,Киви,Կիվի,
Барная карта,позиция бара,bar_name:Яблоко,Яблоко,Խնձոր,
Барная карта,позиция бара,bar_name:Морковь,Морковь,Գազար,
Барная карта,позиция бара,bar_name:Апельсин,Апельсин,Նարինջ,
Барная карта,позиция бара,bar_name:Грейпфрут,Грейпфрут,Գրեյպֆրուտ,
Барная карта,позиция бара,bar_name:Лимон с мятой,Лимон с мятой,Կիտրոն անանուխով,
Барная карта,позиция бара,bar_name:Клубника,Клубника,Ելակ,
Барная карта,позиция бара,bar_name:Лимонад Домик,Лимонад Домик,Լիմոնադ «Դոմիկ»,
Барная карта,позиция бара,bar_name:Фирменный лимонад,Фирменный лимонад,Ֆիրմային լիմոնադ,
Барная карта,позиция бара,bar_name:Кофе по-восточному,Кофе по-восточному,Արևելյան սուրճ,
Барная карта,позиция бара,bar_name:Паризьен,Паризьен,Փարիզյեն,
Барная карта,позиция бара,bar_name:Американо,Американо,Ամերիկանո,
Барная карта,позиция бара,bar_name:Эспрессо,Эспрессо,Էսպրեսո,
Барная карта,позиция бара,bar_name:Капучино,Капучино,Կապուչինո,
Барная карта,позиция бара,bar_name:Гляссе,Гляссе,Գլյասե,
Барная карта,позиция бара,bar_name:Латте макиато,Латте макиато,Լատտե մակիատո,
Барная карта,позиция бара,bar_name:Горячий шоколад,Горячий шоколад,Տաք շոկոլադ,
Барная карта,позиция бара,bar_name:Раф,Раф,Ռաֆ,
Барная карта,позиция бара,"bar_name:Сироп (кокосовый, ванильный, апельсиновый, шоколадный, ореховый)","Сироп (кокосовый, ванильный, апельсиновый, шоколадный, ореховый)","Օշարակ (կոկոս, վանիլ, նարինջ, շոկոլադ, ընկույզ)",
Барная карта,позиция бара,bar_name:Айс латте,Айс латте,Սառը լատտե,
Барная карта,позиция бара,bar_name:Бамбл,Бамбл,Բամբլ,
Барная карта,позиция бара,bar_name:Эспрессо тоник,Эспрессо тоник,Էսպրեսո տոնիկ,
Барная карта,позиция бара,bar_name:Банан-клубника,Банан-клубника,Բանան-ելակ,
Барная карта,позиция бара,bar_name:Ваниль-шоколад,Ваниль-шоколад,Վանիլ-շոկոլադ,
Барная карта,позиция бара,bar_name:Домашнее варенье,Домашнее варенье,Տնական մուրաբա,
Барная карта,позиция бара,bar_name:Чёрный,Чёрный,Սև,
Барная карта,позиция бара,bar_name:Травяной,Травяной,Խոտաբույսային,
Барная карта,позиция бара,bar_name:Сенча,Сенча,Սենչա,
Барная карта,позиция бара,bar_name:Холодный чай,Холодный чай,Սառը թեյ,
Барная карта,позиция бара,bar_name:Цитрусовый,Цитрусовый,Ցիտրուսային,
Барная карта,позиция бара,bar_name:Ягодный,Ягодный,Հատապտղային,
Барная карта,позиция бара,bar_name:Облепиховый,Облепиховый,Չիչխանով,
Барная карта,позиция бара,bar_name:Имбирный,Имбирный,Կոճապղպեղով,
Барная карта,позиция бара,bar_name:Пауланер светлый,Пауланер светлый,Paulaner բաց,
Барная карта,позиция бара,bar_name:Пауланер пшеничный,Пауланер пшеничный,Paulaner ցորենի,
Барная карта,позиция бара,"bar_name:Пауланер, бутылка (ориг./пшеница)","Пауланер, бутылка (ориг./пшеница)","Paulaner, շիշ (օրիգինալ / ցորենի)",
Барная карта,позиция бара,bar_name:Домашнее вино белое,Домашнее вино белое,Տնական սպիտակ գինի,
Барная карта,позиция бара,bar_name:Домашнее вино красное,Домашнее вино красное,Տնական կարմիր գինի,
Барная карта,позиция бара,bar_name:Просекко extra dry,Просекко extra dry,Պրոսեկկո Extra Dry,
Барная карта,позиция бара,bar_name:Akoom (гранат),Akoom (гранат),Akoom (նուռ),
Барная карта,позиция бара,bar_name:Meyron (розе),Meyron (розе),Meyron (վարդագույն),
Барная карта,позиция бара,bar_name:Takar (розе),Takar (розе),Takar (վարդագույն),
Барная карта,позиция бара,bar_name:ODEVI (фруктовая водка),ODEVI (фруктовая водка),ODEVI (մրգային օղի),
Барная карта,позиция бара,bar_name:Ararat 5 звёзд,Ararat 5 звёзд,Արարատ 5 աստղ,
Барная карта,позиция бара,bar_name:Ararat Ани (7 лет),Ararat Ани (7 лет),Արարատ Անի (7 տարեկան),
Барная карта,позиция бара,bar_name:Ararat Ахтамар (10 лет),Ararat Ахтамар (10 лет),Արարատ Ախթամար (10 տարեկան),
Барная карта,позиция бара,bar_name:Ararat Васпуракан (15 лет),Ararat Васпуракан (15 лет),Արարատ Վասպուրական (15 տարեկան),
Барная карта,позиция бара,bar_name:Ararat Двин (10 лет),Ararat Двин (10 лет),Արարատ Դվին (10 տարեկան),
Барная карта,позиция бара,bar_name:Ararat Наири (20 лет),Ararat Наири (20 лет),Արարատ Նաիրի (20 տարեկան),
Барная карта,позиция бара,bar_name:Фирменный Домик,Фирменный Домик,Ֆիրմային Դոմիկ,
Барная карта,позиция бара,bar_name:Фирменный Домина,Фирменный Домина,Ֆիրմային Դոմինա,
Барная карта,позиция бара,bar_name:Глинтвейн белый,Глинтвейн белый,Սպիտակ գլինտվեյն,
Барная карта,позиция бара,bar_name:Глинтвейн красный,Глинтвейн красный,Կարմիր գլինտվեյն,
Барная карта,подпись бара,bar_note:Цитрусовый · лайм-мята · грейпфрут-базилик · арбузный · ягодный,Цитрусовый · лайм-мята · грейпфрут-базилик · арбузный · ягодный,Ցիտրուս · լայմ-անանուխ · գրեյպֆրուտ-ռեհան · ձմերուկ · հատապտուղ,
Барная карта,подпись бара,bar_note:Облепиха · цитрус · фалерно · мохито · ягодный,Облепиха · цитрус · фалерно · мохито · ягодный,Չիչխան · ցիտրուս · ֆալերնո · մոխիտո · հատապտուղ,
